<?xml version="1.0" encoding="UTF-8"?>
<!DOCTYPE mapper PUBLIC "-//mybatis.org//DTD Mapper 3.0//EN"
"http://mybatis.org/dtd/mybatis-3-mapper.dtd">
<mapper namespace="blackDAO">

<select id="listAll" resultType="blacklist">
		SELECT * FROM blacklist

</select>

<select id="allCount" resultType="int">
		SELECT COUNT(*) FROM blacklist
</select>

	<!-- 전체출력 & 검색출력 -->
	<!-- 블랙 리스트 -->
<select id="selectBoard" parameterType="hashmap" resultType="hashmap">
	SELECT * 
		FROM (
			SELECT ROWNUM RN, A.* 
				FROM (
						SELECT b.b_num b_num,b.b_id b_id,m.m_name m_name, TO_CHAR(trunc(b.s_start),'yyyy-MM-DD') as s_start ,
						TO_CHAR(trunc(b.s_end),'yyyy-MM-DD') as s_end ,
						reason, s_state
						FROM blacklist b INNER JOIN member m
                        ON b.b_id = m.m_id
						<where>
							<if test='searchType!=null &amp;&amp; keyword!=null'>${searchType} like '%'||#{keyword}||'%'</if>
						</where>
						ORDER BY b_num DESC 
						) A
				)
	WHERE RN BETWEEN #{start} AND #{end}
	
	
	
</select>

<!-- 검색된 회원 숫자 -->
<select id="searchCount" parameterType="hashmap" resultType="int">
	SELECT COUNT(*) FROM blacklist
	<where>
		<if test='searchType!=null &amp;&amp; keyword!=null'>${searchType} like '%'||#{keyword}||'%'</if>
	</where>
</select>

<!-- 블랙리스트 삭제 -->
<delete id="blackDelete" parameterType="blacklist">
		Delete From blacklist WHERE b_num=#{b_num}
</delete>

<insert id="blackInsert" parameterType="hashmap">
		Insert Into blacklist (b_num,b_id,s_start,s_end,reason,s_state) values(black_seq.nextval,#{b_id},sysdate,sysdate+#{term},#{reason},'1')

</insert>

<!-- Id에 해당하는 블랙리스트 회원정보 찾아서 반환 -->
<select id="listSearch" parameterType="blacklist" resultType="blacklist">
		SELECT b_num,b_id, TO_CHAR(trunc(s_start),'yyyy-MM-DD') as s_start ,TO_CHAR(trunc(s_end),'yyyy-MM-DD') as s_end,reason,s_state FROM blacklist
		WHERE b_id=#{b_id}
		
</select>
<!-- 블랙리스트 회원정보수정 -->
<update id="blackUpdate" parameterType="blacklist">
		Update blacklist set
		s_start=#{s_start},s_end=#{s_end},reason=#{reason},s_state=#{s_state} WHERE b_id=#{b_id}

</update>


</mapper>