<?xml version="1.0" encoding="UTF-8"?>
<!DOCTYPE mapper PUBLIC "-//mybatis.org//DTD Mapper 3.0//EN"
"http://mybatis.org/dtd/mybatis-3-mapper.dtd">
<mapper namespace="boardDAO">

<!-- 게시판 글 숫자 -->
<select id="countBoard" parameterType="board" resultType="int">
		SELECT COUNT(*) FROM board WHERE boardType=#{boardType}
</select>

<!-- 글 삭제 -->
<delete id="deleteBoard" parameterType="board">
		Delete From board WHERE boardType=#{boardType} AND b_no=#{b_no}
</delete>

<!--게시글 목록 -->
<select id="selectBoard" parameterType="hashmap" resultType="board">
	SELECT * 
		FROM (
			SELECT ROWNUM RN, A.* 
				FROM (
						select * from board
						<where>
							boardType=#{boardType}
							<if test='searchType!=null &amp;&amp; keyword!=null'>AND ${searchType} like '%'||#{keyword}||'%'</if>
						</where>
						ORDER BY b_date DESC 
						) A
				)
	WHERE RN BETWEEN #{start} AND #{end}
</select>

<!-- 게시글 등록 -->
<insert id="insertBoard" parameterType="board">
      Insert Into board values(#{boardType},${seq}.nextval,#{title},#{userId},#{b_content},sysdate,#{viewCount},#{f_addr1},#{f_addr2},#{f_membercnt},
      #{f_date},friend_f_port.nextval,#{f_joincnt},#{d_suspect},sysdate,#{r_visit_date},#{r_ppl_cnt},#{r_menu},#{v_star},#{v_fileName},#{v_fileSize},#{f_cnt},#{d_fileName},#{d_fileSize},#{f_userId},#{s_brand_name},#{d_reason},qna_reply_seq.nextval)

</insert>

<!-- 게시글 수정 -->
<update id="updateBoard" parameterType="board">
      Update board set boardType=#{boardType},b_no=#{b_no},title=#{title},userId=#{userId},b_content=#{b_content},
      viewCount=#{viewCount},f_addr1=#{f_addr1},f_addr2=#{f_addr2},f_membercnt=#{f_membercnt},f_date=#{f_date},f_port=#{f_port},f_joincnt=#{f_joincnt},
      d_suspect=#{d_suspect},r_date=#{r_date},r_visit_date=#{r_visit_date},r_ppl_cnt=#{r_ppl_cnt},r_menu=#{r_menu},v_fileName=#{v_fileName},v_fileSize=#{v_fileSize},f_cnt=#{f_cnt},
      d_fileName=#{d_fileName},d_fileSize=#{d_fileSize},f_userId=#{f_userId},s_brand_name=#{s_brand_name},d_reason=#{d_reason}
	  WHERE boardType=#{boardType} AND b_no=#{b_no}
</update>

<!-- 게시글 상세보기 -->
<select id="boardView" parameterType="board" resultType="board">
	SELECT * FROM board WHERE boardType=#{boardType} AND b_no=#{b_no}
</select>

<!-- 조회수증가 -->
<update id="boardViewcount" parameterType="board">
	UPDATE board set viewCount = viewCount+1 WHERE boardType=#{boardType} AND b_no=#{b_no}
</update>

<!-- 검색된 게시글 숫자 -->
<select id="searchCount" parameterType="hashmap" resultType="int">
	SELECT COUNT(*) FROM board
	<where>
	boardType=#{boardType}
		<if test='searchType!=null &amp;&amp; keyword!=null'>AND ${searchType} like '%'||#{keyword}||'%'</if>
	</where>
</select>


<!-- 밥친구 확정자 인원 추가하기 -->
<update id="mealjoin" parameterType="board">
   UPDATE board SET f_cnt = f_cnt+1 ,f_userId = #{f_userId} WHERE boardType=#{boardType} AND b_no=#{b_no}
</update>

<!--게시글 목록 -->
<select id="selectReview" parameterType="hashmap" resultType="board">
	SELECT * 
		FROM (
			SELECT ROWNUM RN, A.* 
				FROM (
						select * from board
						<where>
							boardType=#{boardType} and s_brand_name = #{s_brand_name}
							<if test='searchType!=null &amp;&amp; keyword!=null'>AND ${searchType} like '%'||#{keyword}||'%'</if>
						</where>
						ORDER BY ROWNUM DESC 
						) A
				)
	WHERE RN BETWEEN #{start} AND #{end}
</select>

<select id="searchboard" parameterType="member" resultType="board">
select * 
from member m, board b
where b.userid =  m.m_id AND b.userid=#{m_id}

</select>

<!-- 밥친구 취소하기 버튼 눌렀을때 -->
<update id="mealcancel" parameterType="board">
	UPDATE board SET f_cnt = f_cnt-1 ,f_userId = #{f_userId} WHERE boardType=#{boardType} AND b_no=#{b_no}
</update>

<!-- qna 게시판 답글 insert -->
<insert id="insertReply">
insert into board(boardtype,b_content,f_cnt,b_date,userid,q_replyno) values(#{boardType},#{b_content},#{f_cnt},sysdate,#{userId},qna_reply_seq.nextval)
</insert>

<!-- qna 게시판 답글 select -->
<select id="selectReply" resultType="board">
select * from board where f_cnt=#{b_no} and boardtype=5 order by Q_REPLYNO asc
</select>

<update id="modifyReply" parameterType="board">
update board
set B_CONTENT = #{b_content}
where boardtype=5 and Q_REPLYNO=#{q_replyno}
</update>

<delete id="deleteReply">
delete from board where q_replyno=#{q_replyno} and boardtype=5
</delete>

</mapper>