<?xml version="1.0" encoding="UTF-8"?>
<!DOCTYPE mapper PUBLIC "-//mybatis.org//DTD Mapper 3.0//EN"
"http://mybatis.org/dtd/mybatis-3-mapper.dtd">
<mapper namespace="managerDAO">

<select id="listAll" resultType="member">
		SELECT * FROM member

</select>

<select id="allCount" resultType="int">
		SELECT COUNT(*) FROM member
</select>

	<!-- 전체출력 & 검색출력 -->
	<!-- 회원 리스트 -->
<select id="selectBoard" parameterType="hashmap" resultType="member">
	SELECT * 
		FROM (
			SELECT ROWNUM RN, A.* 
				FROM (
						SELECT * 
						FROM member 
						<where>
							<if test='searchType!=null &amp;&amp; keyword!=null'>${searchType} like '%'||#{keyword}||'%'</if>
						</where>
						ORDER BY m_date DESC 
						) A
				)
	WHERE RN BETWEEN #{start} AND #{end}
	
</select>

<!-- 검색된 회원 숫자 -->
<select id="searchCount" parameterType="hashmap" resultType="int">
	SELECT COUNT(*) FROM member
	<where>
		<if test='searchType!=null &amp;&amp; keyword!=null'>${searchType} like '%'||#{keyword}||'%'</if>
	</where>
</select>

<!-- 회원삭제 -->
<delete id="memberDelete" parameterType="member">
		Delete From member WHERE m_id=#{m_id}
</delete>

<select id="todayHire" resultType="int">
	select count(*) todayHire from member where TO_CHAR(m_date,'YYYY-MM-DD') = TO_CHAR(SYSDATE, 'YYYY-MM-DD')
</select>	

<select id="yesterdayHire" resultType="int">
	select count(*) yesterdayHire from member where TO_CHAR(m_date,'YYYY-MM-DD') = TO_CHAR(SYSDATE-1, 'YYYY-MM-DD')
</select>	

<select id="todayReserv" resultType="int">
	select count(*) todayReserv from reservation where TO_CHAR(r_date,'YYYY-MM-DD') = TO_CHAR(SYSDATE, 'YYYY-MM-DD')
</select>

<select id="yesterdayReserv" resultType="int">
	select count(*) yesterdayReserv from reservation where TO_CHAR(r_date,'YYYY-MM-DD') = TO_CHAR(SYSDATE-1, 'YYYY-MM-DD')
</select>

<select id="todayBoard" resultType="int">
	select count(*) todayBoard from board where TO_CHAR(r_date,'YYYY-MM-DD') = TO_CHAR(SYSDATE, 'YYYY-MM-DD')
</select>

<select id="yesterdayBoard" resultType="int">
	select count(*) yesterdayBoard from board where TO_CHAR(r_date,'YYYY-MM-DD') = TO_CHAR(SYSDATE, 'YYYY-MM-DD')
</select>

<select id="todayBlack" resultType="int">
	select count(*) todayBlack from board where BOARDTYPE = 1 AND TO_CHAR(B_date, 'YYYY-MM-DD') = TO_CHAR(sysdate, 'YYYY-MM-DD')
</select>

<select id="yesterdayBlack" resultType="int">
	select count(*) yesterdayBlack from board where BOARDTYPE = 1 AND TO_CHAR(B_date, 'YYYY-MM-DD') = TO_CHAR(sysdate-1, 'YYYY-MM-DD')
</select>

<select id="totalMember" resultType="int">
	select count(*) totalMember from member
</select>


<select id="thisMonth" resultType="int">
	select count(*) from store
</select>

<select id="todayReview" resultType="int">
	select count(*) todayReview from board where boardType = 2 AND TO_CHAR(b_date, 'YYYY-MM-DD') = TO_CHAR(sysdate, 'YYYY-MM-DD')
</select>

<select id="membercount" resultType="hashmap">
	select To_char(m_date,'YYYY-MM-DD') m_date,count(*) memberCount from member group by To_char(m_date,'YYYY-MM-DD') order by m_date
</select>

<select id="mealTime" resultType="int">
<![CDATA[
  	select count(substr(f_date,-2)) F_date from board where boardType=3 AND (substr(f_date,-2) >= '21' OR substr(f_date,-2)<='05')
    union all
    select count(substr(f_date,-2)) F_date from board where boardType=3 AND substr(f_date,-2) BETWEEN '06' AND '10'
    union all
    select count(substr(f_date,-2)) F_date from board where boardType=3 AND substr(f_date,-2) BETWEEN '11' AND '16'
    union all
    select count(substr(f_date,-2)) F_date from board where boardType=3 AND substr(f_date,-2) BETWEEN '17' AND '20'
    order by f_date desc
]]>
</select>

<select id="categoryDayCount" resultType="map">
	select r_date,sum(양식) wFood, sum(일식) jFood, sum(중식) cFood, sum(한식) kFood, sum(분식) sFood, sum(동남아) asFood
    from (select r_date ,
                CASE WHEN s_category='양식' THEN count ELSE 0 END "양식",
                CASE WHEN s_category='일식' THEN count ELSE 0 END "일식",
                CASE WHEN s_category='중식' THEN count ELSE 0 END "중식",
                CASE WHEN s_category='한식' THEN count ELSE 0 END "한식",
                CASE WHEN s_category='분식' THEN count ELSE 0 END "분식",
                CASE WHEN s_category='동남아' THEN count ELSE 0 END "동남아"                
    from  (select s.s_category s_category,to_char(r.r_Date,'YYYY-MM-DD') r_date,count(*) count  from store s inner join reservation r ON s.s_brand_name = r.r_store_name 
    group by s.s_category,to_char(r_Date,'YYYY-MM-DD') 
    order by to_char(r.r_Date,'YYYY-MM-DD')))
    group by r_date
    order by r_date

</select>

<select id="memberYear" resultType="map">

select year, count(*) as cnt
from
	(
	select
		concat((floor((to_char(sysdate, 'YYYY') - SUBSTR(m_birth,1,4)) / 10) * 10),'대') as year
	from
		member
        where m_birth is not null
	) o
group by year
order by year
</select>

<select id="topStore" resultType="map">
select * from( select ROWNUM RN, A.* from (select r_store_name as store,count(r_number) count from reservation group by r_store_name order by count desc ) A) WHERE RN BETWEEN 1 AND 10
</select>

<update id="updateVisiter">
  update homepageview set visitcount=visitcount+1, totalvisit=totalvisit+1 where visitDay =to_char(sysdate,'YYYY-MM-DD')
</update>

<select id="visitCount" resultType="map">
	select VISITCOUNT,TOTALVISIT,to_char(visitday,'YYYY-MM-DD') visitDay from homepageview where visitday BETWEEN to_char(sysdate-7,'YYYY-MM-DD')AND to_char(sysdate,'YYYY-MM-DD') order by visitday
</select>

<select id="selectVisiter" resultType="string">
select to_char(visitDay,'YYYY-MM-DD') visitDay from homepageview where to_char(visitDay,'YYYY-MM-DD') = to_char(sysdate,'YYYY-MM-DD')
</select>
<insert id="insertVisiter" >
insert into homepageview(visitCount,totalvisit,visitDay) values (1,( select totalvisit from homepageview where visitday=to_char(sysdate-1,'YYYY-MM-DD'))+1,to_char(sysdate,'YYYY-MM-DD'))

</insert>
<select id="mealDayCount" resultType="map">
select to_char(to_date(substr(f_Date,1,10),'YYYY-MM-DD'),'day') DAY, count(*) count 
    from board 
    where boardtype =3 group by  to_char(to_date(substr(f_Date,1,10),'YYYY-MM-DD'),'day') 
    order by count desc

</select>

<insert id="insertQaAlarm">
	insert into Alarm(qaAlarm_Id,qaAlarm_Content,qaAlarm_replyTime,qaAlarm_bno) values (#{qaAlarm_Id},#{qaAlarm_Content},#{qaAlarm_replyTime},#{qaAlarm_bno})
</insert>

</mapper>
